episode,return,length,timesteps
0,-23.054149627685547,519,519
1,-19.25700569152832,403,922
2,-13.540227890014648,287,1209
