episode,return,length,timesteps
0,-60.662391662597656,311,311
1,-96.65887451171875,696,1007
2,-0.08764684200286865,302,1309
