{
  "w_area": 2.560835061994321,
  "w_alt": 1.5048324796298398,
  "w_energy": 0.005251185724086418,
  "lr": 0.00013296321722176043,
  "gamma": 0.9541215081998161,
  "n_steps": 1024
}
