episode,return,length,timesteps
1,13.579623222351074,134,134
2,-6.297061920166016,110,244
3,-4.890819549560547,126,370
