episode,return,length,timesteps
1,14.062251091003418,200,200
2,13.984062194824219,200,400
3,-6.834510803222656,100,500
