episode,return,length,timesteps
0,-34.451263427734375,319,319
1,-0.048950351774692535,74,393
