episode,return,length,timesteps
0,33.00257110595703,104,104
1,-32.460418701171875,602,706
2,-0.8926346898078918,226,932
3,0.04818432033061981,337,1269
