episode,return,length,timesteps
1,-92.32142639160156,1200,1200
2,-0.026779580861330032,251,1451
3,-0.030721673741936684,124,1575
4,-0.0471755675971508,176,1751
