episode,return,length,timesteps
0,29.79047203063965,100,100
1,38.547306060791016,217,317
2,0.2243463397026062,54,371
3,3.5081965923309326,283,654
