episode,return,length,timesteps
0,-8.566850662231445,177,177
1,-39.745033264160156,288,465
2,-10.930407524108887,551,1016
3,-0.07012094557285309,222,1238
